ring,hole,order,x,y
1,0,0,433672.2093,2288807.7748
1,0,1,434198.9546,2285221.3802
1,0,2,431741.6659,2286040.6029
1,0,3,432447.9988,2288780.3118
1,0,4,433672.2093,2288807.7748
2,0,0,441360.2736,2286786.9636
2,0,1,437762.6629,2286528.9
2,0,2,437291.0234,2288627.7104
2,0,3,439241.9787,2291125.3669
2,0,4,440952.35,2288796.5669
2,0,5,441360.2736,2286786.9636
3,0,0,462297.0589,2314949.5315
3,0,1,457834.6116,2307332.9945
3,0,2,454379.8095,2307887.5706
3,0,3,454537.1301,2309585.8836
3,0,4,453061.4818,2311419.7491
3,0,5,457480.921,2316640.3872
3,0,6,462297.0589,2314949.5315
4,0,0,442602.3764,2339204.0012
4,0,1,441640.733,2337210.2683
4,0,2,439068.0641,2339619.5641
4,0,3,441693.4118,2340624.7829
4,0,4,442602.3764,2339204.0012
5,0,0,449790.5599,2343888.1588
5,0,1,452485.3648,2343689.1217
5,0,2,453864.3509,2344554.7985
5,0,3,457021.4673,2343598.3949
5,0,4,461037.6792,2345438.1494
5,0,5,460166.3415,2342712.5834
5,0,6,458537.2524,2340274.6141
5,0,7,456144.762,2334100.7971
5,0,8,455035.7816,2332575.8786
5,0,9,451860.0582,2332116.0999
5,0,10,449369.2294,2337294.7569
5,0,11,447864.6096,2336997.5111
5,0,12,444400.5659,2337913.1808
5,0,13,440757.0295,2342401.89
5,0,14,443964.0288,2343219.5426
5,0,15,447453.2826,2345906.179
5,0,16,449790.5599,2343888.1588
6,0,0,512695.698,2506951.612
6,0,1,514325.8604,2503390.3282
6,0,2,514266.0144,2502445.2696
6,0,3,516171.2898,2501760.413
6,0,4,517361.301,2500221.8403
6,0,5,518585.3424,2500059.5589
6,0,6,519786.9864,2500707.301
6,0,7,522025.8882,2497979.181
6,0,8,522601.9557,2497818.9584
6,0,9,524969.3811,2497734.8496
6,0,10,527234.8564,2498813.5566
6,0,11,528503.4703,2498626.7956
6,0,12,530561.9651,2497498.6787
6,0,13,530668.6997,2496196.118
6,0,14,533084.2511,2494771.7257
6,0,15,532674.2226,2494003.7295
6,0,16,529675.8092,2493759.4284
6,0,17,528882.182,2491443.0688
6,0,18,527449.9862,2489147.8568
6,0,19,527916.9534,2487600.1974
6,0,20,528998.0199,2488143.9315
6,0,21,529629.4182,2489179.7926
6,0,22,532092.5079,2489753.2583
6,0,23,532493.8467,2490371.0021
6,0,24,533500.2384,2490381.352
6,0,25,534146.3447,2491053.2519
6,0,26,535491.2847,2489258.6091
6,0,27,537895.7633,2490324.802
6,0,28,541932.5289,2489926.0323
6,0,29,541827.1551,2488092.9571
6,0,30,541145.5387,2486811.9248
6,0,31,541535.078,2483763.3176
6,0,32,542331.2119,2482791.4755
6,0,33,542840.632,2482794.5412
6,0,34,542267.5671,2481157.8876
6,0,35,542912.721,2480401.5176
6,0,36,544246.329,2480546.8572
6,0,37,545375.3924,2482143.0358
6,0,38,547903.4972,2482116.6882
6,0,39,548905.2054,2484070.8448
6,0,40,548273.47,2484699.4905
6,0,41,547728.4379,2487478.0392
6,0,42,548921.3074,2488494.7657
6,0,43,549778.3908,2489075.0181
6,0,44,552989.0612,2486505.4936
6,0,45,553628.5651,2486429.8856
6,0,46,555467.9512,2489047.0892
6,0,47,555484.7001,2490420.9104
6,0,48,556493.9868,2490935.345
6,0,49,558463.7852,2493244.9077
6,0,50,560759.1482,2494323.2797
6,0,51,561852.5372,2494170.7829
6,0,52,562962.1053,2492459.5557
6,0,53,563098.3159,2491016.7023
6,0,54,563401.0559,2490998.9069
6,0,55,562870.8056,2489285.3184
6,0,56,563221.5847,2488347.4721
6,0,57,564638.0807,2489058.2873
6,0,58,566303.6257,2488559.0297
6,0,59,568546.2194,2489036.4482
6,0,60,569135.2575,2488400.894
6,0,61,569457.5235,2486689.8088
6,0,62,570605.1926,2486709.194
6,0,63,572696.088,2489239.4715
6,0,64,573581.3945,2491021.3255
6,0,65,573489.6942,2493078.7247
6,0,66,575019.9663,2496081.6205
6,0,67,579632.0477,2499304.6514
6,0,68,581179.9713,2501750.9373
6,0,69,582981.7625,2503034.0448
6,0,70,583207.7066,2503816.1906
6,0,71,582341.8851,2504894.3164
6,0,72,582752.7427,2506100.5724
6,0,73,583798.4281,2507255.9574
6,0,74,583823.8926,2508287.7708
6,0,75,585359.8797,2509750.7526
6,0,76,585978.3382,2509447.3454
6,0,77,585878.8101,2508623.7876
6,0,78,586312.8733,2508637.307
6,0,79,588314.8768,2506402.0594
6,0,80,588924.1709,2506471.2437
6,0,81,589173.1638,2504545.0532
6,0,82,588831.4272,2503742.2064
6,0,83,587564.8202,2503426.0298
6,0,84,587190.0283,2502471.0356
6,0,85,587792.3922,2501859.2814
6,0,86,587804.2933,2500446.9531
6,0,87,585003.1193,2500790.9454
6,0,88,583941.5524,2499745.3433
6,0,89,585651.1452,2498220.2004
6,0,90,587530.2812,2498014.604
6,0,91,588068.3407,2497156.7216
6,0,92,589060.162,2496708.9941
6,0,93,589533.6738,2497226.4255
6,0,94,591261.2934,2496565.2787
6,0,95,591988.0676,2496738.8904
6,0,96,592258.4755,2497830.8726
6,0,97,594934.254,2500210.7214
6,0,98,596037.1382,2502251.2128
6,0,99,598197.9317,2503338.3689
6,0,100,598713.6143,2502926.9674
6,0,101,600776.9464,2499560.865
6,0,102,602139.7709,2498534.964
6,0,103,602186.7167,2497414.1095
6,0,104,601694.1681,2496449.648
6,0,105,599854.4407,2495773.5286
6,0,106,599169.6924,2494047.7802
6,0,107,600573.0277,2490703.293
6,0,108,600569.9832,2489453.6985
6,0,109,603152.1575,2487246.0733
6,0,110,603915.5779,2485788.3943
6,0,111,605885.7353,2485125.5806
6,0,112,607456.6159,2483295.6589
6,0,113,608731.5277,2483209.3761
6,0,114,610389.0648,2480057.3409
6,0,115,615945.2646,2478522.0189
6,0,116,617122.5251,2479322.7117
6,0,117,619011.8478,2477944.4643
6,0,118,619455.1158,2476173.3536
6,0,119,618284.9546,2475193.3017
6,0,120,617334.571,2473440.9046
6,0,121,617953.3539,2472520.9245
6,0,122,617580.7275,2471085.0285
6,0,123,616213.0457,2471009.1851
6,0,124,616294.6115,2472218.885
6,0,125,615920.4836,2472382.3744
6,0,126,615076.7187,2470830.6646
6,0,127,614779.2626,2472280.2249
6,0,128,614114.6459,2472597.1597
6,0,129,613090.6034,2472201.9478
6,0,130,610869.0962,2472369.6897
6,0,131,609186.4622,2469475.206
6,0,132,609562.2834,2466351.862
6,0,133,608541.6583,2464550.4487
6,0,134,606223.5132,2462591.8673
6,0,135,604547.5173,2463249.8642
6,0,136,603647.2013,2463011.5835
6,0,137,603094.8393,2462274.0438
6,0,138,602981.0049,2460928.2083
6,0,139,606314.695,2459269.0527
6,0,140,606446.6884,2457233.7165
6,0,141,607867.5626,2456514.4582
6,0,142,607931.7632,2455054.8935
6,0,143,606841.241,2454404.6379
6,0,144,606367.0553,2452772.4692
6,0,145,606381.7855,2451970.6125
6,0,146,607838.8353,2449688.5119
6,0,147,607142.8963,2448484.3466
6,0,148,605498.3794,2447302.7046
6,0,149,606129.0811,2446071.8171
6,0,150,610044.4748,2447294.7488
6,0,151,612079.2872,2448733.0797
6,0,152,613472.6983,2448574.1632
6,0,153,613605.8417,2447408.04
6,0,154,615401.0076,2445979.1622
6,0,155,615633.6837,2444234.4445
6,0,156,617907.1664,2443637.1295
6,0,157,618798.7021,2444167.7235
6,0,158,620854.1421,2442481.5614
6,0,159,621755.0391,2440987.4987
6,0,160,625877.3922,2441053.8227
6,0,161,626638.8373,2439825.7125
6,0,162,625841.3813,2438613.7747
6,0,163,625121.3381,2438659.4075
6,0,164,625032.6671,2438011.1519
6,0,165,625887.8198,2434995.9794
6,0,166,630348.0993,2433516.7651
6,0,167,630945.3995,2433015.6386
6,0,168,630776.3274,2432037.1943
6,0,169,631308.9929,2431742.3557
6,0,170,633585.6454,2432080.743
6,0,171,635556.2109,2431091.354
6,0,172,637818.5318,2427782.9199
6,0,173,637967.8661,2424785.0528
6,0,174,638894.4046,2424255.7329
6,0,175,638515.5851,2423236.9376
6,0,176,638934.2758,2422817.8888
6,0,177,638772.0436,2421048.126
6,0,178,638226.9048,2420071.2944
6,0,179,640968.1715,2418540.0539
6,0,180,639023.0398,2416901.3918
6,0,181,639866.2194,2415338.736
6,0,182,638466.7725,2414085.6158
6,0,183,638550.757,2412915.767
6,0,184,638164.6912,2412454.7241
6,0,185,636871.9062,2411786.8187
6,0,186,636948.4091,2408101.0693
6,0,187,634415.6096,2405152.119
6,0,188,634864.6219,2404156.5087
6,0,189,634467.0645,2402192.028
6,0,190,634730.868,2401170.7234
6,0,191,630351.8759,2400383.1112
6,0,192,628759.8796,2401613.3843
6,0,193,627434.3379,2404240.5118
6,0,194,624189.0248,2405051.6004
6,0,195,623664.7874,2409388.5826
6,0,196,622269.1526,2411702.8958
6,0,197,619870.04,2411882.2866
6,0,198,615797.976,2411043.1566
6,0,199,610021.5533,2409025.1128
6,0,200,605529.5854,2409878.8378
6,0,201,605958.5676,2409221.6821
6,0,202,606974.8616,2409015.3619
6,0,203,609080.1406,2408570.0873
6,0,204,609015.1078,2408160.4893
6,0,205,606411.3358,2407436.3212
6,0,206,602532.3716,2405817.7642
6,0,207,598583.4255,2402276.1614
6,0,208,597159.2354,2401984.1812
6,0,209,595748.0916,2399449.2531
6,0,210,594322.9966,2399085.4706
6,0,211,595021.3532,2396319.4271
6,0,212,597583.9361,2394128.7294
6,0,213,599263.8198,2395324.4715
6,0,214,600701.2884,2394282.2374
6,0,215,602326.5181,2395184.2868
6,0,216,605210.3858,2393888.8117
6,0,217,603976.4279,2391123.0687
6,0,218,602666.3882,2391289.5599
6,0,219,599221.0383,2389426.1803
6,0,220,597185.8768,2390264.9097
6,0,221,594574.9616,2389264.7287
6,0,222,589368.7974,2385223.9258
6,0,223,587746.2886,2385699.9646
6,0,224,585351.8759,2384579.7589
6,0,225,585465.6686,2388019.1149
6,0,226,587636.6947,2389802.5237
6,0,227,588168.4803,2391760.1573
6,0,228,586908.989,2394688.9958
6,0,229,592290.9206,2393833.6746
6,0,230,594982.7826,2396385.1736
6,0,231,593253.2705,2397591.3546
6,0,232,589454.97,2396448.727
6,0,233,586008.305,2398336.2517
6,0,234,583882.6614,2401995.5782
6,0,235,581702.3726,2403500.9079
6,0,236,574660.2601,2406605.8192
6,0,237,574072.6637,2404747.233
6,0,238,581519.8331,2401205.3154
6,0,239,583573.9694,2399446.6939
6,0,240,582891.8677,2394711.0479
6,0,241,580610.4791,2392312.8199
6,0,242,580965.4258,2390798.7957
6,0,243,575287.2522,2390149.4879
6,0,244,571115.4534,2387774.0684
6,0,245,569469.3869,2385437.7922
6,0,246,569121.6124,2381009.5725
6,0,247,566283.3524,2380198.1975
6,0,248,563970.8955,2382208.0229
6,0,249,560708.4823,2380971.3641
6,0,250,556440.8459,2378431.5188
6,0,251,554599.1786,2380349.8896
6,0,252,549462.3904,2378034.8012
6,0,253,547161.9735,2380105.2346
6,0,254,547810.8243,2381502.3027
6,0,255,546854.5985,2384280.5336
6,0,256,544444.7745,2385807.2361
6,0,257,545946.783,2383693.8478
6,0,258,546298.9066,2380956.1071
6,0,259,539204.3362,2378225.8595
6,0,260,535365.9239,2374466.0348
6,0,261,526665.8614,2368136.3356
6,0,262,526533.4409,2370720.0413
6,0,263,529886.7722,2374726.8414
6,0,264,529607.25,2376493.0099
6,0,265,527820.8872,2377465.9346
6,0,266,523816.861,2375236.5415
6,0,267,521747.9947,2375538.1138
6,0,268,516507.3484,2373846.835
6,0,269,510801.0179,2372939.3336
6,0,270,505123.6495,2378398.5624
6,0,271,504377.2352,2376349.4478
6,0,272,506789.5077,2375703.5806
6,0,273,508795.6234,2374009.384
6,0,274,502815.4318,2371785.146
6,0,275,499053.7302,2369045.4163
6,0,276,496569.8084,2368789.309
6,0,277,493243.5272,2368459.0909
6,0,278,490857.6837,2367119.3901
6,0,279,488758.2301,2364991.4792
6,0,280,486313.8791,2364528.7233
6,0,281,483864.7308,2365435.4274
6,0,282,482443.6795,2364735.0864
6,0,283,480811.807,2366279.2313
6,0,284,477348.5592,2366236.0905
6,0,285,473456.3814,2364099.7814
6,0,286,471155.9188,2362036.2099
6,0,287,466732.2919,2356150.9849
6,0,288,463792.9937,2349595.6578
6,0,289,462602.2682,2350326.3706
6,0,290,462338.3312,2348071.9071
6,0,291,459888.9665,2346492.9078
6,0,292,454160.0521,2346824.1046
6,0,293,451856.7695,2345461.9244
6,0,294,446824.9894,2346808.9141
6,0,295,443549.5569,2345066.554
6,0,296,440577.3441,2344472.4899
6,0,297,441985.3784,2348193.9761
6,0,298,440450.6328,2351630.1585
6,0,299,441168.0422,2354080.7188
6,0,300,440332.5426,2355353.0461
6,0,301,440114.2451,2361504.4794
6,0,302,436579.9765,2365742.3114
6,0,303,436415.432,2367192.586
6,0,304,434968.719,2368009.6234
6,0,305,437787.5917,2363400.6735
6,0,306,438975.4771,2357154.0986
6,0,307,439269.0685,2354437.7419
6,0,308,437671.6679,2351184.4807
6,0,309,438945.1236,2349316.6901
6,0,310,440139.6133,2348423.4051
6,0,311,439236.1208,2343323.2089
6,0,312,437985.7254,2340733.9519
6,0,313,438100.9576,2338410.1072
6,0,314,436343.9303,2336805.9461
6,0,315,435226.6785,2338102.6062
6,0,316,433192.0545,2335855.4766
6,0,317,430438.2235,2333901.2512
6,0,318,430468.0673,2330351.6809
6,0,319,434550.1624,2331306.9222
6,0,320,438411.3473,2332794.6883
6,0,321,439040.9734,2330166.4799
6,0,322,440584.8506,2328326.5819
6,0,323,446099.823,2328771.6851
6,0,324,447024.3173,2330155.166
6,0,325,449787.2659,2330898.7201
6,0,326,453274.5631,2329283.7988
6,0,327,453118.659,2327054.9855
6,0,328,451086.0781,2320829.3173
6,0,329,450809.2875,2313932.1436
6,0,330,448387.615,2314206.9645
6,0,331,446676.5039,2318862.4217
6,0,332,444370.2093,2321824.9462
6,0,333,440534.24,2321478.8572
6,0,334,439217.0584,2322568.8244
6,0,335,436081.8894,2321639.4862
6,0,336,431227.8028,2321409.279
6,0,337,427859.1836,2319210.7186
6,0,338,419675.2872,2317508.8382
6,0,339,416813.6133,2316544.3388
6,0,340,417041.4959,2319229.9218
6,0,341,418058.3308,2320774.1133
6,0,342,424631.5032,2325707.097
6,0,343,425755.0788,2328893.7665
6,0,344,427113.9728,2329493.936
6,0,345,427782.5235,2331852.8483
6,0,346,426608.9565,2333287.9196
6,0,347,422940.4944,2329778.3597
6,0,348,422781.2467,2325991.2058
6,0,349,420749.6913,2325443.4991
6,0,350,417886.0638,2327639.7775
6,0,351,416221.8401,2325590.2646
6,0,352,416886.6878,2323862.798
6,0,353,413289.0642,2320799.2965
6,0,354,413654.3546,2318598.2128
6,0,355,413302.837,2314498.6503
6,0,356,414284.1823,2311481.9997
6,0,357,417304.8186,2305772.2997
6,0,358,418830.9513,2306983.1007
6,0,359,429183.0173,2306160.9027
6,0,360,431206.6403,2305656.4058
6,0,361,432673.7984,2303247.1865
6,0,362,436010.6885,2302535.969
6,0,363,436586.2713,2298303.5065
6,0,364,437730.0829,2296317.5775
6,0,365,436816.227,2294599.4225
6,0,366,436501.0677,2291166.344
6,0,367,433629.3894,2289889.1348
6,0,368,430580.413,2293718.5331
6,0,369,429826.4636,2291953.5925
6,0,370,431098.9329,2290696.1487
6,0,371,431208.8088,2285510.1908
6,0,372,434486.3018,2284591.4087
6,0,373,436717.4102,2285682.9101
6,0,374,438403.6247,2284551.6779
6,0,375,442073.2966,2285323.6105
6,0,376,444307.2708,2286776.6615
6,0,377,446632.0819,2280369.4006
6,0,378,446520.7486,2276120.1649
6,0,379,441884.1221,2275900.44
6,0,380,441413.3799,2280735.5888
6,0,381,439802.6543,2279113.2274
6,0,382,440098.0263,2276060.923
6,0,383,442869.5795,2274396.2691
6,0,384,445004.7608,2275759.6777
6,0,385,449026.2383,2269397.3844
6,0,386,451031.1596,2264898.9633
6,0,387,449905.9521,2259717.4628
6,0,388,445237.841,2254704.9135
6,0,389,444486.135,2252261.1996
6,0,390,441575.3423,2248190.128
6,0,391,438031.906,2245401.0198
6,0,392,434786.7149,2245791.3744
6,0,393,432057.3587,2243095.7936
6,0,394,428636.4714,2240572.9037
6,0,395,421731.6861,2240857.1294
6,0,396,417023.6907,2241624.1591
6,0,397,414773.7156,2237978.4321
6,0,398,409360.106,2238291.6035
6,0,399,407516.1488,2240895.6205
6,0,400,405599.2126,2240667.7014
6,0,401,402767.0797,2241873.0862
6,0,402,401589.2086,2244013.089
6,0,403,397958.0971,2242617.1544
6,0,404,397040.2295,2241568.8215
6,0,405,392557.3971,2241795.6875
6,0,406,390284.7323,2238357.2555
6,0,407,387797.0172,2235922.7052
6,0,408,385702.2094,2236509.5213
6,0,409,386667.2292,2240936.8062
6,0,410,388848.5196,2243918.0391
6,0,411,386918.8027,2250558.6652
6,0,412,382834.0541,2251997.8109
6,0,413,381152.2881,2257433.3484
6,0,414,385101.8236,2257973.1264
6,0,415,385919.4953,2260120.8303
6,0,416,389835.6365,2257609.7621
6,0,417,392981.5081,2258216.4044
6,0,418,389883.1932,2258125.3551
6,0,419,386928.3831,2260497.8821
6,0,420,386979.2726,2263477.5345
6,0,421,385667.1279,2265846.429
6,0,422,383593.0308,2265875.3907
6,0,423,382214.0249,2267512.7375
6,0,424,378082.7301,2267550.8453
6,0,425,376669.1409,2271408.4921
6,0,426,378873.83,2273232.7696
6,0,427,376709.352,2278387.3728
6,0,428,374706.0411,2281082.3502
6,0,429,372404.65,2282684.4314
6,0,430,371183.3857,2281419.8129
6,0,431,368864.3629,2282462.8591
6,0,432,369493.9884,2286936.822
6,0,433,370895.3712,2287020.8117
6,0,434,372315.5862,2289956.0363
6,0,435,369497.2442,2294102.6768
6,0,436,371182.5365,2299015.2146
6,0,437,370073.9102,2301778.5455
6,0,438,367349.1238,2300004.6806
6,0,439,362108.7331,2308259.7498
6,0,440,361231.2161,2312271.0776
6,0,441,361157.8452,2315741.1967
6,0,442,362586.5314,2319639.2332
6,0,443,363677.5418,2324188.8477
6,0,444,364974.4671,2326077.4467
6,0,445,365604.4401,2330360.4734
6,0,446,362230.7718,2335736.8586
6,0,447,363184.5992,2337985.4041
6,0,448,368665.1033,2343917.8818
6,0,449,370461.0159,2343776.3342
6,0,450,372242.2325,2346230.3738
6,0,451,372834.9037,2348609.6139
6,0,452,372272.3564,2361885.9681
6,0,453,374481.7108,2361012.6476
6,0,454,381913.0342,2362299.4105
6,0,455,387301.7173,2362272.7956
6,0,456,385690.868,2363941.7111
6,0,457,386873.7953,2368531.5231
6,0,458,389557.2634,2370651.7533
6,0,459,388380.5172,2370292.1676
6,0,460,386581.3612,2372730.481
6,0,461,383463.68,2372999.4288
6,0,462,378706.8158,2372654.2463
6,0,463,374921.2276,2374696.3418
6,0,464,374994.5967,2378631.2968
6,0,465,371945.4019,2383432.7426
6,0,466,371920.7006,2385292.7991
6,0,467,370236.012,2386808.1083
6,0,468,369646.3086,2391401.0262
6,0,469,372171.3376,2396818.0375
6,0,470,373004.3314,2397192.8113
6,0,471,374125.1513,2394134.4599
6,0,472,375519.7706,2393437.0003
6,0,473,381180.504,2394254.7743
6,0,474,383357.2867,2395863.1703
6,0,475,385028.3321,2394706.125
6,0,476,386078.1316,2395332.8581
6,0,477,386711.9367,2398097.3612
6,0,478,386496.2183,2399750.7847
6,0,479,388506.8495,2402834.1097
6,0,480,389422.0797,2405545.7123
6,0,481,389975.7645,2414104.1644
6,0,482,390984.7662,2416001.5316
6,0,483,394556.3626,2419885.3438
6,0,484,395831.6095,2420078.184
6,0,485,400730.739,2418182.8391
6,0,486,402486.6309,2418092.1554
6,0,487,407058.5898,2419757.0044
6,0,488,408118.5499,2421755.4651
6,0,489,408960.5545,2421926.4001
6,0,490,410782.0946,2420539.3125
6,0,491,413922.217,2421529.646
6,0,492,419088.8849,2421105.9537
6,0,493,420528.551,2419798.3523
6,0,494,421747.9916,2419483.4608
6,0,495,424689.6256,2421110.7146
6,0,496,426279.1231,2423227.2355
6,0,497,427281.0859,2423502.995
6,0,498,428321.7211,2423088.0282
6,0,499,430310.8184,2420403.7288
6,0,500,432328.4254,2421098.5582
6,0,501,434689.3362,2420240.5518
6,0,502,436147.3636,2421168.6321
6,0,503,436597.7144,2423223.0238
6,0,504,436379.9165,2424545.8823
6,0,505,435242.0164,2425495.3555
6,0,506,435197.6332,2426384.9456
6,0,507,435948.5138,2427891.8371
6,0,508,435704.5653,2428972.4056
6,0,509,433273.3935,2430618.5135
6,0,510,433001.9514,2431637.151
6,0,511,433972.3306,2435008.3148
6,0,512,432795.7324,2437584.2531
6,0,513,432847.7687,2443681.5047
6,0,514,434266.9394,2445981.9295
6,0,515,434379.0975,2447200.5388
6,0,516,433422.1813,2448478.7797
6,0,517,430557.8916,2449976.2986
6,0,518,430166.3527,2451986.6172
6,0,519,431790.7814,2454336.1688
6,0,520,432660.091,2454760.7936
6,0,521,433421.9152,2454525.8443
6,0,522,435029.2221,2451793.9882
6,0,523,436224.6647,2451758.5203
6,0,524,436848.9022,2453226.901
6,0,525,438591.6683,2454584.4943
6,0,526,439035.8361,2455952.8235
6,0,527,439698.4659,2456049.1023
6,0,528,442008.313,2455064.257
6,0,529,444860.7457,2452373.0513
6,0,530,446218.6262,2450176.7182
6,0,531,447789.9779,2449350.618
6,0,532,449445.2698,2449336.8885
6,0,533,450595.6199,2449886.2364
6,0,534,452404.9635,2453250.4278
6,0,535,453917.868,2454457.3102
6,0,536,455472.0451,2454495.3121
6,0,537,457958.373,2453458.5558
6,0,538,458590.0121,2452919.6864
6,0,539,458775.6537,2450834.7736
6,0,540,460680.0266,2450183.7752
6,0,541,461640.8322,2449312.0306
6,0,542,462355.5852,2449509.429
6,0,543,464134.0832,2452162.2653
6,0,544,465616.465,2452708.8476
6,0,545,466361.5023,2453566.7379
6,0,546,466164.2528,2454355.9431
6,0,547,464063.4599,2455973.8379
6,0,548,463366.2038,2457783.5957
6,0,549,464961.8908,2459675.7392
6,0,550,468025.6375,2460819.0154
6,0,551,468455.5507,2463483.1399
6,0,552,471604.2442,2465667.3252
6,0,553,474566.7544,2463559.6256
6,0,554,476042.6851,2463471.1674
6,0,555,477325.8249,2464123.5381
6,0,556,477732.7107,2464752.8912
6,0,557,477507.9185,2465237.3757
6,0,558,476236.6303,2465400.3207
6,0,559,475575.0505,2468505.3455
6,0,560,473656.2796,2470375.8475
6,0,561,472915.6329,2473176.7424
6,0,562,471004.1125,2472938.4478
6,0,563,469939.9111,2473455.4155
6,0,564,469910.4363,2482119.188
6,0,565,468211.0457,2482996.8518
6,0,566,467239.0397,2485520.2726
6,0,567,468209.0386,2485817.0053
6,0,568,471146.1936,2483861.8013
6,0,569,471935.8259,2483855.2529
6,0,570,473241.2134,2484733.6109
6,0,571,473068.6444,2488418.7953
6,0,572,474706.7439,2492444.6181
6,0,573,473863.1294,2495093.8437
6,0,574,474248.1268,2495446.1985
6,0,575,475085.3377,2495159.7781
6,0,576,475842.7664,2497465.4456
6,0,577,477193.3687,2497530.4587
6,0,578,478075.7228,2496506.9068
6,0,579,478396.2766,2495208.6699
6,0,580,479386.5898,2494946.291
6,0,581,480397.2213,2497122.7685
6,0,582,481089.6165,2497675.9253
6,0,583,484118.4098,2497701.602
6,0,584,485625.3898,2498197.1328
6,0,585,487478.7487,2497546.7281
6,0,586,488220.1713,2497921.5047
6,0,587,489286.2337,2500605.7249
6,0,588,490306.4722,2500800.5316
6,0,589,492389.4375,2500198.9482
6,0,590,494124.8838,2500718.005
6,0,591,494816.6268,2501296.6871
6,0,592,494781.188,2503151.4975
6,0,593,495247.1479,2504036.7928
6,0,594,496165.1805,2504334.0827
6,0,595,499571.2162,2503569.0391
6,0,596,502128.2335,2504792.912
6,0,597,505287.8657,2505223.9496
6,0,598,506166.0168,2506690.2134
6,0,599,508113.5179,2508376.2383
6,0,600,508791.299,2509917.606
6,0,601,510012.743,2510037.9103
6,0,602,510505.0252,2511081.6596
6,0,603,512138.2037,2510801.9265
6,0,604,513581.5918,2508965.3726
6,0,605,513458.609,2507720.1597
6,0,606,512695.698,2506951.612
